<?xml version="1.0"?>

<!DOCTYPE hibernate-mapping PUBLIC
        "-//Hibernate/Hibernate Mapping DTD 3.0//EN"
        "http://www.hibernate.org/dtd/hibernate-mapping-3.0.dtd">

<hibernate-mapping package="model">

    <class name="Boss" table="boss">
        <id name="id" column="id">
            <generator class="increment"/>
        </id>
        <property name="password" column="password"/>
        <property name="username" column="username"/>
        <property name="name" column="name"/>

        <many-to-one name="company" class="Company" column="company_id"/>

        <set name="employees" inverse="true" cascade="all">
            <key column="boss_id"/>
            <one-to-many class="Employee"/>
        </set>

    </class>

</hibernate-mapping>