<?xml version="1.0"?>

<!DOCTYPE hibernate-mapping PUBLIC
        "-//Hibernate/Hibernate Mapping DTD 3.0//EN"
        "http://www.hibernate.org/dtd/hibernate-mapping-3.0.dtd">

<hibernate-mapping package="model">

    <class name="Task" table="task">
        <id name="id" column="id">
            <generator class="increment"/>
        </id>
        <property name="name" column="name"/>
        <property name="description" column="description"/>

        <many-to-one name="employee" class="Employee" column="employee_id"/>

    </class>

</hibernate-mapping>